{
	"IcoMoonType": "selection",
	"icons": [
		{
			"icon": {
				"paths": [
					"M896 128h-96v32c0 35.29-28.71 64-64 64s-64-28.71-64-64v-32h-320v32c0 35.29-28.71 64-64 64s-64-28.71-64-64v-32h-96c-35.2 0-64 28.8-64 64v704c0 35.2 28.8 64 64 64h768c35.2 0 64-28.8 64-64v-704c0-35.2-28.8-64-64-64zM896 895.884c-0.034 0.040-0.076 0.082-0.116 0.116h-767.77c-0.040-0.034-0.082-0.076-0.114-0.116v-575.884h768v575.884zM288 192c17.672 0 32-14.328 32-32v-128c0-17.672-14.328-32-32-32s-32 14.328-32 32v128c0 17.672 14.328 32 32 32zM736 192c17.672 0 32-14.328 32-32v-128c0-17.672-14.328-32-32-32s-32 14.328-32 32v128c0 17.672 14.328 32 32 32zM576 384h-320v64h256v128h-256v64h256v128h-256v64h320zM704 832h64v-448h-128v64h64zM872 984h-720c-35.2 0-64-20.8-64-56v32c0 35.2 28.8 64 64 64h720c35.2 0 64-28.8 64-64v-32c0 35.2-28.8 56-64 56z"
				],
				"tags": [
					"calendar",
					"schedule",
					"date",
					"time",
					"day"
				],
				"grid": 16
			},
			"properties": {
				"id": 79,
				"order": 1,
				"prevSize": 32,
				"code": 58880,
				"name": "calendar",
				"ligatures": ""
			},
			"setIdx": 0,
			"iconIdx": 79
		}
	],
	"height": 1024,
	"metadata": {
		"name": "icomoon"
	},
	"preferences": {
		"fontPref": {
			"prefix": "icon-",
			"metadata": {
				"fontFamily": "icomoon"
			},
			"showGlyphs": true,
			"metrics": {
				"emSize": 512,
				"baseline": 6.25,
				"whitespace": 50
			},
			"resetPoint": 58880,
			"showQuickUse": true,
			"quickUsageToken": false,
			"showMetrics": true,
			"showMetadata": false
		},
		"imagePref": {
			"color": 0,
			"height": 32,
			"columns": 16,
			"margin": 16,
			"png": false,
			"sprites": true
		},
		"historySize": 100,
		"showCodes": true,
		"gridSize": 16,
		"showLiga": false,
		"showGrid": true,
		"showGlyphs": true,
		"showQuickUse": true
	}
}